INSERT INTO "user"
("id" , "login" , "password" , "role") VALUES
( 1   ,  'root' ,   'root'   ,    1  ),
( 2   ,  'doc1' ,   'doc'    ,    2  ),
( 3   ,  'doc2' ,   'doc'    ,    2  ),
( 4   ,  'doc3' ,   'doc'    ,    2  ),
( 5   ,  'pat1' ,   '12345'  ,    3  ),
( 6   ,  'pat2' ,   '12345'  ,    3  ),
( 7   ,  'pat3' ,   '12345'  ,    3  ),
( 8   ,  'pat4' ,   '12345'  ,    3  ),
( 9   ,  'doc4' ,   'doc'    ,    2  ),
( 10  ,  'pat5' ,   '12345'  ,    3  );
SELECT setval('user_id_seq', 10);

INSERT INTO "speciality"
("id" , "name") VALUES
( 1   , 'терапевт'),
( 2   ,  'хирург'),
( 3   ,  'аллерголог'),
( 4   ,  'ортопед'),
( 5   ,  'кардиолог'),
( 6   ,  'невролог'),
( 7   ,  'физиотерапевт')
SELECT setval('speciality_id_seq', 7);

INSERT INTO "doctor"
("id" ,  "surnname"  , "name"    ,  "patronymic"  ,   "birthday"  , "id_speciality") VALUES
( 1   ,  'Фролов'    , 'Платон'  , 'Геннадиевич'  ,  '1980-06-12' ,    1),
( 2   ,  'Быков'     , 'Федор'   , 'Христофорович',  '1985-02-27' ,    2),
( 3   ,  'Белова'    , 'Стефания', 'Аристарховна' ,  '1979-03-03' ,    3),
( 4   ,  'Гаврилова' , 'Дарья'   , 'Максимовна'   ,  '1995-02-01' ,    4),
( 9   ,  'Короткина' , 'Любовь'  , 'Сергеевна'    ,  '2001-07-24' ,    7);

INSERT INTO "phone"
(      "number"       ,     "id"     ) VALUES
('+375 (29) 123-45-67',      1       ),
('+375 (33) 890-12-34',      2       ),
('+375 (25) 507-80-01',      2       ),
('+375 (33) 890-12-34',      3       ),
('+375 (25) 507-50-02',      3       ),
('+375 (33) 894-12-34',      4       ),
('+375 (25) 507-87-42',      9       ),
('+375 (29) 235-57-75',      9       );

INSERT INTO "patient"
("id" , "surname"   ,  "name"    , "patronymic"    ,  "birthday"  , "gender") VALUES
( 5   , 'Лапина'    , 'Эллина'   , 'Якововна'      , '1965-03-13' , 'женский'),
( 6   , 'Анисимова' , 'Земфира'  , 'Григорьевна'   , '1984-12-11' , 'женский'),
( 7   , 'Нестерова' , 'Карина'   , 'Юрьевна'       , '1974-02-02' , 'женский'),
( 8   , 'Воронцов'  , 'Мирослав' , 'Проклович'     , '1964-07-07' , 'мужской'),
( 10  , 'Соболев'   , 'Арсений'  , 'Станиславович' , '1999-09-26' , 'мужской');

INSERT INTO "card"
("id" , "patient_id" , "diadnosis_1" , "diagnosis"   , "start-date" , "end_date") VALUES
( 1   ,      5       , 'диагноз_001' , 'диагноз_001' , '2022-12-17' , '2022-12-28'),
( 2   ,      5       , 'диагноз_002' ,     NULL      , '2023-02-24' ,    NULL     ),
( 3   ,      6       , 'диагноз_003' , 'диагноз_906' , '2022-07-10' , '2022-08-15'),
( 4   ,      7       , 'диагноз_004' , 'диагноз_004' , '2022-09-28' , '2022-10-10'),
( 5   ,      8       , 'диагноз_002' ,     NULL      , '2023-01-31' ,    NULL     ),
( 6   ,      10      , 'диагноз_004' , 'диагноз_004' , '2023-02-20' ,    NULL     );
SELECT setval('card_id_seq', 6);

INSERT INTO "inspection" 
("id" , "patient_id" ,     "date"    ,  "doctor_id" ,   "result"   ) VALUES
( 1   ,     1        ,  '2022-12-18' ,      1       , 'результат_1'),
( 2   ,     2        ,  '2023-02-25' ,      1       , 'результат_2'),
( 3   ,     2        ,  '2023-02-27' ,      2       , 'результат_3'),
( 4   ,     3        ,  '2022-07-11' ,      3       , 'результат_4'),
( 5   ,     4        ,  '2022-10-03' ,      9       , 'результат_5');
SELECT setval('inspection_id_seq', 5);

INSERT INTO "procedure"
("id" , "patient_id" , "date_start" , "date_finish" , "doctor_1_id" , "doctor_2_id" , "information" , "mark_finish") VALUES
( 1   ,     2        , '2023-02-25' , '2023-03-05'  ,       1       ,       9       ,    'инфо_1'   ,     NULL    ),
( 2   ,     3        , '2022-07-11' , '2022-07-21'  ,       3       ,       9       ,    'инфо_2'   ,  'выполнено'),
( 3   ,     4        , '2022-10-03' , '2022-10-13'  ,       9       ,       2       ,    'инфо_3'   ,  'выполнено'),
( 4   ,     4        , '2022-10-03' , '2022-10-15'  ,       9       ,       1       ,    'инфо_4'   ,  'выполнено'),
( 5   ,     6        , '2023-02-21' , '2023-03-05'  ,       4       ,       3       ,    'инфо_5'   ,     NULL    );
SELECT setval('procedure_id_seq', 5);


